,Муниципалитет,округ,ФИО,,
Адмиралтейский,№21,57,Антонюк Валентин Сергеевич,,
,№21,59,Сергеенков Олег Георгиевич,,
,№21,59,Марченкова Галина Николаевна,,
,№21,59,Симоненкова Галина Юрьевна ,,
,№54,163,Шипилин Андрей Андреевич,ГП,
,№54,164,Ильина Марина Владимировна,СР,
Адмиралтейский,№54,164,Кошелев Алексей Алексеевич,СР,
Адмиралтейский,№54,164,Левченко Виктория Владимировна,СР,
,№54,164,Самсыгин Роман Евгеньевич,СР,
,№54,164,Старовойтов Виталий Игоревич,СР,
Адмиралтейский,№54,165,Иванов Павел Алексеевич,ГП,
,№54,165,Федоров Валерий Алексеевич,ГП,
,№54,165,Сумин Антон Владимирович,ГП,
,№54,165,Яковлев Дмитрий Анатольевич,ГП,
,№54,165,Веденеев Павел Алексеевич,СР,
,№54,165,Петухов Михаил Иванович,СР,
,№54,165,Подобаева Ольга Георгиевна,СР,
,№54,165,Трошин Сергей Александрович,СР,
,№65,190,Краснова Лариса Евгеньевна,,
,№65,190,Рыжова Анна Валерьевна,,
Василеостровский,№65,191,Козырева Галина Дмитриевна,???,Отказ в регистрации
,№65,191,Крутоголов Владимир Александрович,,
,№65,192,Дегтярева Надежда Ивановна,,
,№65,193,Римская Нина Афанасьевна,,
,№65,193,Рязанцева Ирина Викторовна,,
,№65,193,Шептенко Станислав Кириллович,,
Василеостровский,№65,194,Соколов Алексей Александрович,,
,№65,194,Дзюба Игорь Николаевич,,
,№7,14,Вавилина Нэлли Юрьевна,,
,№72,212,Капустин Денис Львович,СР,
,№72,212,Михайлов Николай Владимирович,СР,
,№72,213,Чумаков Даниил Игоревич,ГП,
,№72,213,Орлов Владислав Константинович,ГП,
Калининский,№72,213,Малышева Юлия Сергеевна,ГП,
Калининский,№72,213,Варламова Ирина Михайловна,СР,
Калининский,№72,213,Евдокимов Олег Николаевич,???,нет в списке
Калининский,№72,214,Бобкина Наталья Николаевна,ГП,
,№72,214,Волохонский Владимир Львович,ГП,
,№72,214,Кузин Сергей Владимирович,ГП,
Калининский,№72,214,Мамаев Вадим Сергеевич,ГП,
Кировский,№72,214,Харитонов Дмитрий Валерьевич,СР,
,№72,214,Устинович Антон Вячеславович,СР,
,№72,215,Орлов Аркадий Николаевич,ГП,
,№72,215,Федоренко Иван Николаевич,ГП,
,№72,215,Иванов Вячеслав Михайлович,СР,
,№75,224,Кузнецова Маритана Валентиновна,,
,№75,224,Морозов Павел Сергеевич,,
,№75,224,Соболев Сергей Юрьевич,,
,№75,224,Березин Алексей Осипович,,
Кировский,№75,225,Смирнов Вадим Валерьевич,,
,№75,225,Антипов Олег Ростиславович,,
,№75,225,Перевозников Евгений Ильич,,
,№75,225,Белов Максим Петрович,,
,№75,225,Швец Павел Евгеньевич,,
Кировский,№78,232,Коротенко Станислав Игоревич,,
,№78,232,Христенко Сергей Витальевич,,
,№78,232,Малолеткин Валерий Анатольевич,,
,Александровская,1,Савкин Роман Александрович,,
,Александровская,1,Солодов Павел Александрович,,
,Александровская,1,Нелидова Анастасия Андреевна,,
,Александровская,1,Плотников Олег Владимирович,,
,Аптекарский остров,184,Скупченко Владимир Викторович,,
,Балканский,226,Коновалов Дмитрий Сергеевич,,
,Балканский,226,Омелин Анатолий Павлович,,
,Балканский,227,Маслова Анастасия Евгеньевна,,
,Балканский,227,Свентик Дмитрий Петрович,???,Отказ в регистрации
Колпинский,Балканский,227,Белякова Кира Анатольевна,,
,Балканский,229,Вышегородцев Борис Валерьевич,,
,Балканский,229,Цивелев Андрей Евгеньевич,,
,Большая Охта,3,Белькевич Лидия Юрьевна,,
,Большая Охта,4,Мироненко Татьяна Игоревна,,
Красногвардейский,Большая Охта,5,Рухлин Константин Владимирович,,
,Большая Охта,6,Семенов Алексей Юрьевич,,
Красногвардейский,Большая Охта,8,Вялов Андрей Владимирович,,
,Большая Охта,9,Петрецкая Мария Михайловна,,
Красносельский,Большая Охта,10,Столяров Павел Валентинович,ГП,
,Большая Охта,10,Савельева Яна Владимировна,СР,
,Васильевский,15,Алексюк Дмитрий Сергеевич,,
,Васильевский,15,Вавилина Нэлли Юрьевна,,
Красносельский,Васильевский,15,Вишнев Аркадий Германович,,
,Васильевский,15,Денисов Всеволод Владимирович,,
,Васильевский,16,Касаткин Алексей Викторович,ГП,
Красносельский,Васильевский,16,Быстров Денис Витальевич,ГП,
Красносельский,Васильевский,16,Привезенцева Юлия Львовна,ГП,
,Васильевский,16,Фассахов Владислав Рифкатович,ГП,
,Васильевский,16,Шевченко Василий Георгиевич,ГП,
Красносельский,Васильевский,16,Кокарев Владимир Николаевич,СР,
,Васильевский,16,Назаров Валентин Андреевич,СР,
Красносельский,Васильевский,16,Сартаков Руслан Сергеевич,СР,
,Владимирский,244,Афанасьева Юлия Андреевна,,
Курортный,Владимирский,244,Бровкин Виталий Владимирович,,
Московский,Владимирский,244,Смирнов Дмитрий Валерьевич,,
,Владимирский,245,Корниченко Александр Александрович,,
Московский,Владимирский,245,Христенко Сергей Витальевич,,
,Владимирский,245,Карпов Александр Александрович,,
,Владимирский,245,Малышев Руслан Васильевич,,
,Владимирский,246,Песецкая Дарья Игоревна,,
,Владимирский,246,Смирнов Сергей Александрович,,
,Владимирский,247,Коротенко Станислав Игоревич,,
,Владимирский,247,Нестеров Евгений Юрьевич,,
,Волковское,208,Суздальцев Александр Геннадьевич,,
,Волковское,209,Васильева Ирина Владимировна,,
,Волковское,209,Суздальцев Юрий Александрович,,
,Волковское,210,Мамаев Вадим Сергеевич,,
,Волковское,211,Легков Владимир Валерьевич,,
,Волковское,211,Цапарин Евгений Борисович,,
,Гавань,17,Вавилина Нэлли Юрьевна,,
,Гавань,17,Иванов Сергей Михайлович,,
,Гавань,17,Коробицын Петр Алексеевич,,
,Гавань,18,Касаткин Алексей Викторович,,
Невский,Гавань,18,Башков Руслан Владиславович,,
Невский,Гавань,18,Ветохина Мария Геннадьевна,,
,Гавань,18,Коновалов Илья Сергеевич,,
,Гавань,18,Назаров Валентин Андреевич,,
,Гагаринское,1,Распутин Сергей Владимирович,СР,
,Гагаринское,1,Ляхов Михаил Павлович,СР,
Невский,Гагаринское,1,Пушкарева Людмила Васильевна,СР,
,Гагаринское,1,Ермилов Вадим Юрьевич,СР,
,Гагаринское,1,Смирнов Михаил Яковлевич,СР,
Невский,Гагаринское,1,Барсукова Алла Кимовна,ГП,
,Гагаринское,1,Канюков Анатолий Николаевич,ГП,
Петродворцовый,Гагаринское,1,Натяг Надежда Андреевна,ГП,
Приморский,Гагаринское,1,Саполнов Роман Павлович,ГП,
,Гагаринское,2,Каплюк Владимир Владимирович,СР,
Фрунзенский,Гагаринское,2,Карташова Нина Борисовна,СР,
,Гагаринское,2,Пушкарев Михаил Алексеевич,СР,
,Гагаринское,2,Дубинина Ирина Владимировна,СР,
,Гагаринское,2,Черенкова Любовь Александровна,СР,
,Гагаринское,2,Карпов Константин Сергеевич,ГП,
,Гагаринское,2,Козарь Екатерина Владимировна,ГП,
,Гагаринское,2,Цветков Алексей Викторович,ГП,
,Гагаринское,2,Голосай Мария Владимировна,ГП,
,Гагаринское,2,Алексеенков Дмитрий Петрович,ГП,
,Гагаринское,3,Кондраткова Татьяна Алексеевна,ГП,
,Гагаринское,3,Скоркин Андрей Валерьевич,ГП,
Центральный,Гагаринское,3,Шварц Людмила Григорьевна,ГП,
,Гагаринское,3,Зайсаев Самбу Николаевич,СР,
4-2,Гагаринское,3,Зыков Валерий Вадимович,СР,
5-7,Гагаринское,3,Евсеева Анна Анатольевна,СР,
,Гагаринское,3,Алексеев Алексей Викторович,СР,
,Гагаринское,3,Михалева Анна Михайловна,СР,
,Гагаринское,4,Ширявцев Андрей Олегович,СР,
,Гагаринское,4,Шестерень Алексей Николаевич,СР,
,Гагаринское,4,Соколов Валентин Владимирович,СР,
,Гагаринское,4,Дюба Константин Олегович,СР,
,Гагаринское,4,Дашимолонов Чингис Викторович,СР,
,Гагаринское,4,Асатуров Леонид Артурович,ГП,
,Гагаринское,4,Ковалишина Валерия Сергеевна,ГП,
,Гагаринское,4,Путинцева Ирина Владимировна,ГП,
,Гагаринское,4,Рыбин Сергей Семенович,ГП,
,Гагаринское,4,Шипулин Михаил Иванович,ГП,
,Георгиевский,220,Плотников Алексей Иванович,,
,Георгиевский,221,Плотников Михаил Иванович,,
,Георгиевский,222,Баляницына Людмила Николаевна,,
,Георгиевский,222,Маслова Анастасия Евгеньевна,,
,Георгиевский,223,Кравчук Татьяна Валерьевна,???,Отказ в регистрации
,Горелово,2,Артюшина Екатерина Александровна,,
,Горелово,2,Петрова Лариса Федоровна,,
,Горелово,2,Кирпичева Людмила Константиновна,,
,Горелово,2,Левашов Александр Юрьевич,,
,Горелово,2,Песецкая Дарья Игоревна,,
,Гражданка,47,Снисаренко Анатолий Николаевич,,
,Гражданка,48,Дементьев Владимир Борисович,,
,Дачное,80,Веремейчик Валерий Павлович,,
,Дворцовый,230,Каштанова Янина Павловна,,
,Дворцовый,230,Котегов Владимир Кимович,,
,Дворцовый,230,Просторова Александра Олеговна,,
,Дворцовый,230,Сидоренко Евгений Петрович,,
,Дворцовый,230,Смолий Геннадий Иванович,,
,Дворцовый,231,Кошелев Леонид Эростович,,
,Дворцовый,231,Кривободров Владимир Сергеевич,,
,Дворцовый,231,Парфентьева Татьяна Юрьевна,,
,Дворцовый,231,Пищугин Сергей Александрович,,
,Дворцовый,231,Протченко Евгений Анатольевич,,
,Екатерингофский,11,Алимова Юлия Леонидовна,,
,Екатерингофский,11,Вигандт Александр Олегович,,
,Екатерингофский,11,Горожанко Федор Константинович,,
,Екатерингофский,11,Костылева Полина Владимировна,,
,Екатерингофский,11,Минаков Александр Сергеевич,,
,Екатерингофский,12,Алимова Екатерина Леонидовна,,
,Екатерингофский,12,Гаринова Карина Алексеевна,,
,Екатерингофский,12,Рабош Габриэль Владимирович,,
,Екатерингофский,12,Телитченко Павел Алексеевич,,
,Екатерингофский,12,Шуршев Александр Олегович,,
,Звездное,1,Акопов Давид Владимирович,,
,Звездное,1,Дульщиков Владимир Анатольевич,,
,Звездное,1,Зуева Марина Николаевна,,
,Звездное,1,Логинов Роман Викторович,,
,Звездное,1,Прокопенко Виктория Павловна,,
,Звездное,2,Берденников Андрей Сергеевич,,
,Звездное,2,Ефремкин Артем Васильевич,,
,Звездное,4,Марин Геннадий Яковлевич,,
,Ивановский,152,Бережных Юрий Геннадьевич,,
,Ивановский,152,Макаров Андрей Валерьевич,,
,Ивановский,152,Фрунзе Валерий Иванович,,
,Ивановский,152,Васильев Дмитрий Николаевич,,
,Ивановский,153,Шатков Николай Валентинович,,
,Ивановский,153,Прокофьев Алексей Вячеславович,,
,Ивановский,153,Минасян Сергей Степанович,,
,Ивановский,153,Тимофеев Михаил Алексеевич,,
,Ивановский,153,Рудниченко Никита Сергеевич,,
,Измайловское,9,Селихов Антон Эдуардович,,
,Измайловское,9,Яворович Глеб Игоревич,,
,Измайловское,9,Дорогавцева Ольга Анатольевна,,
,Измайловское,10,Молчанов Константин Константинович,,
,Княжево,2,Констанденкова Кристина Михайловна,,
,Княжево,2,Дмитриев Лев Михайлович,,
,Коломна,1,Дубровский Николай Андреевич,,
,Коломна,1,Негодина Галина Владимировна,,
,Коломна,1,Попов Петр Михайлович,,
,Коломна,1,Качабеков Расим Гаджи-Кадирович,,
,Коломна,1,Панкратьев Юрий Викторович,,
,Коломна,2,Аржаев Александр Александрович,,
,Коломна,2,Шишова Екатерина Сергеевна,,
,Коломна,2,Зворыгин Сергей Борисович,,
,Коломна,2,Нестеров Евгений Юрьевич,,
,Коломна,2,Тищенко Марина Владимировна,,
,Коломяги,208,Гурко Глеб Игоревич,,
,Коломяги,208,Липкина Татьяна Эдуардовна,,
,Коломяги,208,Кацуба Дмитрий Федорович,,
,Коломяги,208,Прохоренко Евгений Алексеевич,,
,Коломяги,208,Савостьянов Никита Игоревич,,
,Колпино,1,Германович Егор Андреевич,,
,Колпино,1,Коковина Надежда Михайловна,,
,Колпино,1,Кабардинцев Алексей Андреевич,,
,Колпино,1,Ревягин Сергей Вячеславович,,
,Колпино,2,Лазарев Виктор Валентинович,,
,Колпино,2,Зуев Константин Александрович,,
,Колпино,3,Волга Роман Александрович,ГП,
,Колпино,3,Митрофанова Елена Андреевна,ГП,
,Колпино,3,Наумович Антон Михайлович,ГП,
,Колпино,3,Старцев Константин Владимирович,ГП,
,Колпино,3,Николаев Сергей Иванович,СР,
,Колпино,3,Балин Владимир Анатольевич,СР,
,Колпино,3,Аксенов Роман Алексеевич,СР,
,Колпино,4,Краснов Валерий Петрович,,
,Колпино,4,Маделан Геннадий Георгиевич,,
,Колпино,4,Ковалев Денис Ильич,,
,Колпино,5,Даморатская Марина Алексеевна,,
,Колпино,5,Безверхий Владимир Анатольевич,,
,Константиновское,3,Кокорева Жанна Сергеевна,,
,Константиновское,3,Чистякова Мария Сергеевна,,
,Константиновское,3,Матишинец Евгений Валерьевич,,
,Константиновское,1,Барановский Евгений Петрович,,
,Константиновское,1,Левашова Ольга Борисовна,,
,Красненькая речка,1,Дмитриев Лев Михайлович,,
,Красненькая речка,1,Констанденкова Кристина Михайловна,,
,Красненькая речка,1,Ермаченков Андрей Сергеевич,,
,Красненькая речка,1,Смирнова Анна Сергеевна,,
,Красное Cело,1,Мишин Александр Александрович,,
,Красное Cело,1,Бондарев Виктор Гаврилович,,
,Красное Cело,1,Вильховченко Андрей Николаевич,,
,Красное Cело,1,Сезоненко Инна Искандаровна,,
,Красное Cело,1,Степанова Галина Владимировна,,
,Красное Cело,2,Ахрименко Людмила Викторовна,,
,Красное Cело,2,Гордиенко Сергей Феодосиевич,,
,Красное Cело,2,Лебиков Игорь Александрович,,
,Кронштадт,1,Афонин Алексей Валерьевич,,
,Кронштадт,1,Климантовская Валентина Анатольевна,,
,Кронштадт,1,Сычев Сергей Георгиевич,,
,Кронштадт,1,Сячин Сергей Николаевич,,
,Кронштадт,2,Астраханцев Станислав Германович,,
,Кронштадт,2,Белаш Антон Юрьевич,,
,Кронштадт,2,Молоковский Дмитрий Сергеевич,,
,Кронштадт,2,Никуленков Денис Анатольевич,,
,Купчино,216,Свобода Марина Леонидовна,,
,Купчино,216,Дмитриев Александр Александрович,,
,Купчино,217,Краваль Людмила Олеговна,,
,Купчино,217,Харитонов Дмитрий Валерьевич,,
,Купчино,217,Устинович Антон Вячеславович,,
,Купчино,218,Швец Павел Евгеньевич,,
,Купчино,218,Павлов Егор Антонович,,
,Купчино,218,Лебедев Владимир Павлович,,
,Купчино,218,Алиферчук Александр Сергеевич,,
,Купчино,219,Веселова Мария Игоревна,,
,Купчино,219,Георгиевский Игорь Владиславович,,
,Купчино,219,Коготков Сергей Сергеевич,,
,Купчино,219,Недбайлов Дмитрий Валерьевич,,
,Лахта Ольгино,641,Румянцев Денис Александрович,,
,Лахта Ольгино,641,Матвеев Сергей Сергеевич,,
,Лахта Ольгино,641,Костылев Сергей Александрович,,
,Лахта Ольгино,641,Жак Игорь Григорьевич,,
,Лахта Ольгино,642,Сауц Артур Валерьевич,,
,Лахта Ольгино,642,Иванов Виктор Павлович,,
,Лахта Ольгино,642,Решетникова Елена Геннадьевна,,
,Лахта Ольгино,642,Козырева Галина Дмитриевна,,
,Лиговка-Ямская,242,Зворыгин Сергей Борисович,,
,Лиговка-Ямская,242,Качабеков Расим Гаджи-Кадирович,,
,Лиговка-Ямская,242,Панкратьев Юрий Викторович,,
,Лиговка-Ямская,242,Тищенко Марина Владимировна,,
,Лиговка-Ямская,243,Никитин Денис Геннадьевич,,
,Лиговка-Ямская,243,Поляков Константин Юрьевич,,
,Лисий нос,3,Джуринский Никита Петрович,,
,Лисий нос,3,Козлов Михаил Михайлович,,
,Малая Охта,1,Белькевич Лидия Юрьевна,,
,Малая Охта,1,Григорьев Валерий Иванович,,
,Малая Охта,1,Шевчук Борис Иванович,,
,Малая Охта,1,Колесников Юлиан Валерьевич,???????,нет в списке
,Малая Охта,2,Муретов Павел Борисович,ГП,
,Малая Охта,2,Петров Антон Владимирович,ГП,
,Малая Охта,2,Дмитриев Александр Александрович,СР,
,Малая Охта,2,Мироненко Татьяна Игоревна,СР,
,Малая Охта,2,Плотников Алексей Иванович,СР,
,Малая Охта,2,Рашитова Анастасия Фанзилевна,СР,
,Малая Охта,3,Тягнеряднев Андрей Михайлович,,
,Малая Охта,3,Мотайло Алексей Сергеевич,,
,Малая Охта,4,Бабенко Виктор Викторович,,
,Малая Охта,4,Мартьянов Александр Михайлович,,
,Малая Охта,4,Полков Константин Александрович,,
,Морские ворота,89,Роскин Михаил Дмитриевич,,
,Морские ворота,89,Замараева Анна Сергеевна,,
,Морские ворота,89,Кен Даниил Олегович,,
,Морские ворота,89,Кузин Сергей Владимирович,,
,Морские ворота,90,Пивоваров Андрей Сергеевич,,
,Морские ворота,90,Грязневич Наталья Владимировна,,
,Морские ворота,90,Давыдов Андрей Владимирович,,
,Морские ворота,90,Анисимов Дмитрий Игоревич,,
,Морские ворота,90,Ермышев Дмитрий Геннадьевич,,
,Морской,19,Васильев Денис Борисович,,
,Морской,19,Шаров Борис Вениаминович,,
,Морской,19,Башков Руслан Владиславович,,
,Морской,19,Коновалов Илья Сергеевич,,
,Морской,20,Стрельцова Елена Алексеевна,,
,Морской,20,Файнштейн Владимир Александрович,,
,Морской,20,Ветохина Мария Геннадьевна,,
,Московская застава,2,Серова Екатерина Андреевна,,
,Московская застава,2,Полевина Светлана Николаевна,,
,Московская застава,4,Корнеева Ольга Николаевна,,
,Нарвский,1,Багнюк Виталий Евгеньевич,,
,Нарвский,1,Данильченков Андрей Евгеньевич,,
,Нарвский,1,Кириллова Людмила Кузьминична,,
,Нарвский,1,Проворов Алексей Евгеньевич,,
,Нарвский,1,Соколова Евгения Леонидовна,,
,Нарвский,2,Климшина Виктория Петровна,,
,Нарвский,2,Парамонова Анна Андреевна,,
,Нарвский,2,Пецикян Самвел Оганесович,,
,Нарвский,2,Самасадкин Сергей Викторович,,
,Народный,158,Трохманенко Дмитрий Сергеевич,,
,Народный,159,Савин Руслан Александрович,,
,Народный,159,Трошин Сергей Александрович,,
,Народный,160,Варивода Иван Петрович,,
,Народный,160,Ефремова Рита Михайловна,,
,Народный,160,Петухов Михаил Иванович,,
,Невская застава,150,Неценко Надежда Александровна,,
,Невская застава,150,Ригин Леонид Александрович,,
,Невская застава,150,Бродовский Владимир Федотович,???,нет в списке
,Невская застава,150,Кудрявцев Николай Львович,???,нет в списке
,Невская застава,151,Дорогавцева Ольга Анатольевна,,
,Невская застава,151,Орлова Алеся Александровна,,
,Невская застава,151,Павлова Инна Владимировна,???,нет в списке
,Невская застава,151,Редькин Сергей Михайлович,???,нет в списке
,Невская застава,151,Султаев Асламбек Ильясович,???,нет в списке
,Невский округ,166,Андриуца Татьяна Геннадьевна,,
,Невский округ,167,Коньков Павел Николаевич,,
,Невский округ,167,Ложечко Андрей Викторович,,
,Невский округ,167,Сорокин Александр Михайлович,,
,Невский округ,168,Кондратьев Михаил Васильевич,,
,Невский округ,169,Каменев Михаил Михайлович,,
,Невский округ,169,Попов Владимир Григорьевич,,
,Новоизмайловское,138,Василенко Геннадий Карпович,,
,Новоизмайловское,138,Кайзер Никита Сергеевич,,
,Новоизмайловское,138,Лось Андрей Павлович,,
,Новоизмайловское,138,Минаев Николай Константинович,,
,Новоизмайловское,138,Пушкарев Алексей Алексеевич,,
,Новоизмайловское,139,Скороходов Иван Валентинович,,
,Новоизмайловское,139,Николаев Юрий Владимирович,,
,Новоизмайловское,139,Богданов Юрий Александрович,,
,Новоизмайловское,139,Ильина Светлана Викторовна,,
,Новоизмайловское,139,Кудряшова Надежда Анатольевна,,
,Новоизмайловское,140,Ярухин Олег Владимирович,,
,Новоизмайловское,140,Дмитриева Жанна Александровна,,
,Новоизмайловское,140,Лавренев Алексей Николаевич,,
,Новоизмайловское,141,Лось Артем Андреевич,,
,Новоизмайловское,141,Орлова Алеся Александровна,,
,Новоизмайловское,141,Соколов Алексей Геннадьевич,,
,Новоизмайловское,141,Зильберман Евгений Самуилович,,
,Новоизмайловское,141,Туманов Вадим Александрович,,
,Обуховский,155,Душкина Жанна Семеновна,,
,Озеро Долгое,202,Рыжова Анна Валерьевна,,
,Озеро Долгое,202,Курганский Анатолий Петрович,,
,Озеро Долгое,202,Стрюков Николай Иванович,,
,Озеро Долгое,202,Адылов Зафар Кадырович,,
,Озеро Долгое,203,Пышкин Валентин Валентинович,,
,Озеро Долгое,204,Хайдар Елена Владимировна,,
,Озеро Долгое,204,Ляхов Павел Николаевич,,
,Озеро Долгое,204,Мазепов Олег Владимирович,,
,Озеро Долгое,205,Пецикян Самвел Оганесович,,
,Озеро Долгое,205,Фролов Юрий Леонидович,,
,Озеро Долгое,205,Гончарова Наталия Александровна,,
,Озеро Долгое,205,Козлов Михаил Михайлович,,
,Оккервиль,170,Ерофеев Анатолий Георгиевич,,
,Оккервиль,171,Ложечко Юрий Петрович,,
,Оккервиль,172,Кулагин Евдоким Александрович,,
,Оккервиль,172,Якимов Владимир Владимирович,,
,Оккервиль,172,Гржеляк Александр Андреевич,,
,Оккервиль,172,Сорокин Александр Михайлович,,
,Остров Декабристов,21,Выдрин Денис Дмитриевич ,,
,Остров Декабристов,21,Назаров Валентин Андреевич ,,
,Остров Декабристов,22,Гущина Ольга Николаевна,,
,Остров Декабристов,22,Мережко Юрий Игоревич,,
,Остров Декабристов,22,Горбацевич Антон Николаевич,,
,Остров Декабристов,22,Воробьев Виктор Викторович,,
,Остров Декабристов,22,Семенченко Алексей Михайлович,,
,Петергоф,1,Валиков Евгений Леонидович,,
,Петергоф,1,Баронов Олег Васильевич ,Я,
,Петергоф,1,Скобелев Евгений Алексеевич,Я,
,Петергоф,2,Андреев Александр Андреевич ,,
,Петергоф,2,Лабутов Владимир Константинович ,,
,Петергоф,3,Кравцов Олег Николаевич ,,
,Петергоф,3,Швед Петр Густавич,,
,Петергоф,4,Литвин Богдан Геннадьевич ,ГП,
,Петергоф,4,Алексеев Борис Иванович  ,Я,
,Петергоф,4,Беляев Александр Юрьевич ,Я,
,Пискаревка,62,Кушнаренко Федор Александрович,,
,Полюстрово,1,Пуйша Александр Эдуардович,,
,Полюстрово,2,Барышников Владимир Ильич,,
,Полюстрово,2,Быкова Наталья Юрьевна,,
,Полюстрово,2,Вялов Андрей Владимирович,,
,Полюстрово,2,Трянова Людмила Николаевна,,
,Полюстрово,3,Тихонова Надежда Геннадьевна,,
,Полюстрово,4,Егорова Виктория Михайловна,,
,Полюстрово,4,Петрецкая Мария Михайловна,,
,Полюстрово,4,Сугак Татьяна Юрьевна,,
,Полюстрово,4,Храмцова Галина Алексеевна,,
,Понтонный,1,Николаев Григорий Анатольевич,,
,Понтонный,1,Русакова Надежда Николаевна,,
,Пороховые,108,Алферова Марианна Владимировна,,
,Пороховые,108,Гринберг Ева Евгеньевна,,
,Пороховые,108,Рогозин Ян Сергеевич,,
,Пороховые,108,Семижанова Елена Игоревна,,
,Пороховые,108,Сиялов Илья Валерьевич,,
,Пороховые,109,Заславский Валерий Николаевич,,
,Пороховые,109,Кирпа Александра Викторовна,,
,Пороховые,109,Савельева Антонина Васильевна,,
,Пороховые,109,Савельева Яна Владимировна,,
,Пороховые,110,Вялов Дмитрий Александрович,,
,Пороховые,110,Гришутин Валерий Александрович,,
,Пороховые,110,Лапицкий Егор Леонович,,
,Пороховые,110,Слесарев Тимур Анисович,,
,Пороховые,110,Цидаева Ольга Сергеевна,,
,Правобережный,174,Буянов Алексей Анатольевич,,
,Правобережный,174,Лосев Андрей Валерьевич,,
,Правобережный,175,Шамиев Кирилл Вячеславович,,
,Правобережный,175,Зорин Антон Михайлович,,
,Правобережный,175,Миронов Антон Валерьевич,,
,Правобережный,175,Плотников Алексей Иванович,,
,Правобережный,176,Елхин Сергей Александрович,,
,Правобережный,176,Мануйло Виталий Владимирович,,
,Правобережный,177,Глазистов Алексей Иванович,,
,Правобережный,177,Елхина Наталья Викторовна,,
,Пушкин,1,Колянов Алексей Юрьевич,,
,Пушкин,1,Федоров Максим Васильевич,,
,Пушкин,1,Задков Виктор Васильевич,,
,Пушкин,2,Шумилина Надежда Владимировна,,
,Пушкин,2,Каясов Анатолий Антонович,,
,Пушкин,3,Беляев Александр Михайлович,,
,Пушкин,3,Савкин Роман Александрович,,
,Пушкин,3,Заморская Елена Эдуардовна,,
,Пушкин,3,Гвоздев Максим Георгиевич,,
,Пушкин,4,Кулаков Сергей Павлович,,
,Пушкин,4,Алимов Рашит Нагимуллаевич,,
,Пушкин,4,Солодов Павел Александрович,,
,Пушкин,4,Коновалова Татьяна Павловна,,
,Ржевка,1,Вялов Дмитрий Александрович,,
,Ржевка,1,Алчинов Евгений Валентинович,,
,Северный,63,Бакан Марианна Игоревна,,
,Северный,63,Чернядьева Наталья Викторовна,,
,Северный,63,Бренчанинова Марина Николаевна,,
,Семеновский,7,Дунюшин Александр Вячеславович,,
,Сенной,3,Бабушкин Сергей Сергеевич,,
,Сенной,4,Ковалев Дмитрий Юрьевич,,
,Сенной,4,Нестеров Евгений Юрьевич,,
,Сестрорецк,1,Литвинов Андрей Андреевич,,
,Смольнинское,239,Смоляк Павел Евгеньевич,,
,Сосновая поляна,1,Петров Антон Викторович,,
,Сосновая поляна,1,Николаев Александр Юрьевич,,
,Сосновая поляна,1,Коршаков Николай Валерьевич,???,Выбывший после регистрации
,Сосновая поляна,1,Грушевская Анастасия Андреевна,,
,Сосновая поляна,2,Давыдов Станислав Вячеславович,,
,Сосновая поляна,2,Ханенко Александр Александрович,,
,Сосновая поляна,2,Гришина Татьяна Михайловна,,
,Стрельна,1,Куличенко Анастасия Владимировна,,
,Стрельна,1,Андреев Дмитрий Андреевич,,
,Стрельна,2,Ворошилова Лидия Ивановна,,
,Стрельна,3,Мансуров Игорь Юрьевич,,
,Стрельна,3,Лупикин Андрей Юрьевич,,
,Стрельна,4,Сметанин Дмитрий Владимирович,,
,Стрельна,5,Львов Илья Александрович,,
,Тярлево,1,Савкин Роман Александрович,,
,Урицк,1,Вялов Андрей Владимирович,,
,Урицк,2,Белинин Андрей Викторович,,
,Усть-Ижора,1,Рютин Сергей Геннадьевич,,
,Финляндский,54,Усманов Георгий Эдуардович,,
,Черная речка,1,Плотников А.И.,,
,Черная речка,2,Красноперов Л.И.,,
,Черная речка,2,Понамарева Н.И.,,
,Черная речка,2,Плотников М.И,,
,Черная речка,3,Орлов А.В.,,
,Черная речка,3,Козлов М.М.,,
,Черная речка,3,Шиманчук М.Г.,,
,Черная речка,3,Горшков Алексей Анатольевич,,
,Черная речка,4,Водолазский К.Г.,,
,Черная речка,4,Сауц А.В.,,
,Черная речка,4,Кузьмина Е.А.,,
,Чкаловское,188,Бахарев Виталий Викторович,,
,Шувалово-Озерки,2,Соколова Алла Константиновна,,
,Шувалово-Озерки,4,Морозова Марина Александровна,,
,Шушары,1,Лепешкина Людмила Жоржевна,,
,Шушары,2,Бондарь Ирина Анатольевна,,
,Шушары,2,Горбач Владимир Данилович,,
,Шушары,2,Холомеева Анна Александровна,,
,Шушары,3,Коновалов Павел Николаевич,,
,Шушары,3,Федорин Алексей Викторович,,
,Шушары,4,Иглин Сергей Викторович,,
,Шушары,4,Ахметзянов Ренат Галимович,,
,Шушары,4,Савкин Александр Викторович,???,нет в списке
,Шушары,5,Мироненко Татьяна Игоревна,,
,Шушары,5,Чабин Сергей Юрьевич,???,нет в списке
,Юго-Запад,1,Барановский Евгений Петрович,,
,Юго-Запад,1,Левашова Ольга Борисовна,,
,Юго-Запад,1,Стафеев Павел Алексеевич,,
,Юго-Запад,1,Кириллов Дмитрий Дмитриевич,,
,Юго-Запад,2,Зрилов Юрий Михайлович,,
,Юго-Запад,2,Мельниченко Сергей Сергеевич,,
,Юго-Запад,2,Машуров Дмитрий Сергеевич,,
,Юго-Запад,3,Чивильгин Виталий Олегович,,
,Юго-Запад,3,Меньших Семен Олегович,,
,Юго-Запад,4,Казарцев Дмитрий Владимирович,,
,Юго-Запад,4,Левашов Александр Юрьевич,,
,Юго-Запад,4,Пахомов Данила Александрович,,
,Южно-Приморский,1,Вигандт Александр Олегович,,
,Южно-Приморский,1,Моисеева Ирена Игоревна,,
,Южно-Приморский,1,Прокофьев Алексей Вячеславович,,
,Южно-Приморский,2,Голоктеев Константин Николаевич,,
,Южно-Приморский,4,Ветюгов Алексей Леонидович,,
,Южно-Приморский,4,Елизаров Александр Олегович,,
,Юнтолово,691,Тарасов Михаил Григорьевич,,
,Юнтолово,692,Третьяков Игорь Юрьевич,,
,Юнтолово,692,Бушкова Татьяна Олеговна ,,
,Юнтолово,693,Кшеменецкий Владимир Григорьевич,,
,Юнтолово,694,Воронин Евгений Александрович,,
,Юнтолово,694,Менделеева Любовь Юрьевна,,
,Юнтолово,694,Иванчиков Егор Сергеевич,,